                  epoch,         train/box_loss,         train/cls_loss,         train/dfl_loss,   metrics/precision(B),      metrics/recall(B),       metrics/mAP50(B),    metrics/mAP50-95(B),           val/box_loss,           val/cls_loss,           val/dfl_loss,                 lr/pg0,                 lr/pg1,                 lr/pg2
                      1,                 1.1318,                  2.683,                 1.6368,                 0.2299,                0.39678,                0.21502,                0.09878,                 1.7434,                 6.0374,                  1.491,             0.00047116,             0.00047116,             0.00047116
                      2,                 1.0967,                 2.2021,                 1.5904,                0.63921,                0.38506,                0.42961,                0.21003,                 1.5436,                  6.992,                 1.4215,             0.00075989,             0.00075989,             0.00075989
                      3,                 1.1134,                  2.087,                 1.6115,                0.37521,                0.36937,                 0.3006,                0.15656,                 1.6551,                 5.4159,                 1.4826,             0.00085999,             0.00085999,             0.00085999
                      4,                 1.0913,                 1.9092,                 1.5902,                0.49212,                0.42286,                0.39118,                 0.2262,                 1.4724,                 5.0401,                  1.326,             0.00058017,             0.00058017,             0.00058017
                      5,                0.96584,                 1.7489,                 1.4769,                0.79405,                0.40579,                0.47465,                0.29219,                  1.401,                 4.1151,                 1.2739,             0.00029723,             0.00029723,             0.00029723
